ticker,period_end_date,calendar_frame,fiscal_year,fiscal_period,actual_revenue,forecast_revenue,variance,variance_pct,stock_price,best_method,forecast_type,changepoint_flag,variance_zscore,zscore_flag,anomaly_tier,pelt_penalty,z_threshold
AAPL,2019-03-30,CY2019Q1,2020.0,FY,58015000000.0,58015000000.0,0.0,0.0,47.48749923706055,SimpleExpSmoothing,Warmup_Baseline,False,0.0,False,NORMAL,10.0,2.0
AAPL,2019-06-29,CY2019Q2,2020.0,FY,53809000000.0,53809000000.0,0.0,0.0,49.47999954223633,SimpleExpSmoothing,Warmup_Baseline,False,0.0,False,NORMAL,10.0,2.0
AAPL,2019-09-28,CY2019Q3,2020.0,FY,64040000000.0,64040000000.0,0.0,0.0,54.70500183105469,SimpleExpSmoothing,Warmup_Baseline,False,0.0,False,NORMAL,10.0,2.0
AAPL,2019-12-28,CY2019Q4,2021.0,Q1,91819000000.0,91819000000.0,0.0,0.0,72.44999694824219,SimpleExpSmoothing,Warmup_Baseline,False,0.0,False,NORMAL,10.0,2.0
AAPL,2020-03-28,CY2020Q1,2021.0,Q2,58313000000.0,58313000000.0,0.0,0.0,61.935001373291016,SimpleExpSmoothing,Warmup_Baseline,False,0.0,False,NORMAL,10.0,2.0
AAPL,2020-06-27,CY2020Q2,2021.0,Q3,59685000000.0,59685000000.0,0.0,0.0,88.40750122070312,SimpleExpSmoothing,Warmup_Baseline,False,0.0,False,NORMAL,10.0,2.0
AAPL,2020-09-26,CY2020Q3,2020.0,FY,64698000000.0,64698000000.0,0.0,0.0,112.27999877929688,SimpleExpSmoothing,Warmup_Baseline,False,0.0,False,NORMAL,10.0,2.0
AAPL,2020-12-26,CY2020Q4,2022.0,Q1,111439000000.0,111439000000.0,0.0,0.0,131.97000122070312,SimpleExpSmoothing,Warmup_Baseline,False,0.0,False,NORMAL,10.0,2.0
AAPL,2021-03-27,CY2021Q1,2022.0,Q2,89584000000.0,76397462643.51767,13186537356.48233,17.260438894433896,121.20999908447266,SimpleExpSmoothing,WalkForward_OutSample,False,1.5,False,NORMAL,10.0,2.0
AAPL,2021-06-26,CY2021Q2,2022.0,Q3,81434000000.0,84479646289.3516,-3045646289.351593,-3.605183524230129,133.11000061035156,SimpleExpSmoothing,WalkForward_OutSample,False,-0.92,False,NORMAL,10.0,2.0
AAPL,2021-09-25,,2021.0,Q4,83360000000.0,73283599568.28427,10076400431.715729,13.74987103673412,146.9199981689453,SimpleExpSmoothing,WalkForward_OutSample,False,1.1,False,NORMAL,10.0,2.0
AAPL,2021-12-25,CY2021Q4,2023.0,Q1,123945000000.0,83386404857.448,40558595142.552,48.639337805591154,176.27999877929688,SimpleExpSmoothing,WalkForward_OutSample,False,4.1,True,WORTH_A_LOOK,10.0,2.0
AAPL,2022-03-26,CY2022Q1,2023.0,Q2,97278000000.0,101318185742.40384,-4040185742.403839,-3.987621484533684,174.72000122070312,SimpleExpSmoothing,WalkForward_OutSample,False,-1.06,False,NORMAL,10.0,2.0
AAPL,2022-06-25,CY2022Q2,2023.0,Q3,82959000000.0,99239141466.46951,-16280141466.469513,-16.404960004586673,141.66000366210938,SimpleExpSmoothing,WalkForward_OutSample,False,-1.22,False,NORMAL,10.0,2.0
AAPL,2022-09-24,,2022.0,Q4,90146000000.0,92461683200.87724,-2315683200.877243,-2.5044787426661,150.42999267578125,SimpleExpSmoothing,WalkForward_OutSample,False,-0.46,False,NORMAL,10.0,2.0
AAPL,2022-12-31,CY2022Q4,2024.0,Q1,117154000000.0,91564073316.4712,25589926683.52881,27.947562571930177,129.92999267578125,SimpleExpSmoothing,WalkForward_OutSample,False,0.75,False,NORMAL,10.0,2.0
AAPL,2023-04-01,CY2023Q1,2024.0,Q2,94836000000.0,99898789891.38371,-5062789891.383728,-5.067919137847729,164.89999389648438,SimpleExpSmoothing,WalkForward_OutSample,False,-0.34,False,NORMAL,10.0,2.0
AAPL,2023-07-01,CY2023Q2,2024.0,Q3,81797000000.0,98794480533.0038,-16997480533.0038,-17.204888816967394,193.97000122070312,SimpleExpSmoothing,WalkForward_OutSample,False,-0.96,False,NORMAL,10.0,2.0
AAPL,2023-09-30,,2023.0,Q4,89498000000.0,92523466788.11292,-3025466788.112915,-3.269945337264012,171.2100067138672,SimpleExpSmoothing,WalkForward_OutSample,False,-0.21,False,NORMAL,10.0,2.0
AAPL,2023-12-30,CY2023Q4,2025.0,Q1,119575000000.0,91400584218.7294,28174415781.2706,30.825203167024423,192.52999877929688,SimpleExpSmoothing,WalkForward_OutSample,False,1.57,True,WORTH_A_LOOK,10.0,2.0
AAPL,2024-03-30,CY2024Q1,2025.0,Q2,90753000000.0,101431709729.20038,-10678709729.200378,-10.52797962068283,171.47999572753906,SimpleExpSmoothing,WalkForward_OutSample,False,-0.57,False,NORMAL,10.0,2.0
AAPL,2024-06-29,CY2024Q2,2025.0,Q3,85777000000.0,97619470823.97816,-11842470823.97815,-12.131258983499118,210.6199951171875,SimpleExpSmoothing,WalkForward_OutSample,False,-0.57,False,NORMAL,10.0,2.0
AAPL,2024-09-28,,2024.0,Q4,94930000000.0,93587898861.97304,1342101138.026947,1.4340541398480675,227.7899932861328,SimpleExpSmoothing,WalkForward_OutSample,False,0.01,False,NORMAL,10.0,2.0
AAPL,2024-12-28,CY2024Q4,2026.0,Q1,124300000000.0,94254196000.07796,30045803999.922028,31.877417955904235,255.58999633789065,SimpleExpSmoothing,WalkForward_OutSample,False,1.48,True,WORTH_A_LOOK,10.0,2.0
AAPL,2025-03-29,CY2025Q1,2026.0,Q2,95359000000.0,104157347323.48984,-8798347323.489853,-8.447169162405912,217.8999938964844,SimpleExpSmoothing,WalkForward_OutSample,False,-0.54,False,NORMAL,10.0,2.0
AAPL,2025-06-28,CY2025Q2,2026.0,Q3,94036000000.0,101135001408.096,-7099001408.095993,-7.019331892279687,201.0800018310547,SimpleExpSmoothing,WalkForward_OutSample,False,-0.51,False,NORMAL,10.0,2.0
AAPL,2025-09-27,CY2025,2025.0,Q4,102466000000.0,98831529423.19664,3634470576.80336,3.677440385689627,255.4600067138672,SimpleExpSmoothing,WalkForward_OutSample,False,-0.04,False,NORMAL,10.0,2.0
AAPL,2025-12-27,CY2025Q4,2026.0,Q1,143756000000.0,100001964782.32788,43754035217.67213,43.75317556301079,273.3999938964844,SimpleExpSmoothing,WalkForward_OutSample,False,2.07,True,WORTH_A_LOOK,10.0,2.0
MSFT,2019-03-31,CY2019Q1,2020.0,FY,30571000000.0,30571000000.0,0.0,0.0,119.0199966430664,LinearTrend,Warmup_Baseline,False,0.0,False,NORMAL,10.0,2.0
MSFT,2019-06-30,CY2019Q2,2020.0,FY,33717000000.0,33717000000.0,0.0,0.0,135.67999267578125,LinearTrend,Warmup_Baseline,False,0.0,False,NORMAL,10.0,2.0
MSFT,2019-09-30,CY2019Q3,2021.0,Q1,33055000000.0,33055000000.0,0.0,0.0,139.02999877929688,LinearTrend,Warmup_Baseline,False,0.0,False,NORMAL,10.0,2.0
MSFT,2019-12-31,CY2019Q4,2021.0,Q2,36906000000.0,36906000000.0,0.0,0.0,157.6999969482422,LinearTrend,Warmup_Baseline,False,0.0,False,NORMAL,10.0,2.0
MSFT,2020-03-31,CY2020Q1,2021.0,Q3,35021000000.0,35021000000.0,0.0,0.0,157.7100067138672,LinearTrend,Warmup_Baseline,False,0.0,False,NORMAL,10.0,2.0
MSFT,2020-06-30,CY2020Q2,2020.0,FY,38033000000.0,38033000000.0,0.0,0.0,203.509994506836,LinearTrend,Warmup_Baseline,False,0.0,False,NORMAL,10.0,2.0
MSFT,2020-09-30,CY2020Q3,2022.0,Q1,37154000000.0,37154000000.0,0.0,0.0,210.3300018310547,LinearTrend,Warmup_Baseline,False,0.0,False,NORMAL,10.0,2.0
MSFT,2020-12-31,CY2020Q4,2022.0,Q2,43076000000.0,43076000000.0,0.0,0.0,222.4199981689453,LinearTrend,Warmup_Baseline,False,0.0,False,NORMAL,10.0,2.0
MSFT,2021-03-31,CY2021Q1,2022.0,Q3,41706000000.0,42250678571.42857,-544678571.4285736,-1.2891593457078931,235.7700042724609,LinearTrend,WalkForward_OutSample,False,-1.5,False,NORMAL,10.0,2.0
MSFT,2021-06-30,,2021.0,Q4,46152000000.0,43410611111.11112,2741388888.888885,6.315020265142539,270.8999938964844,LinearTrend,WalkForward_OutSample,False,10.3,True,WORTH_A_LOOK,10.0,2.0
MSFT,2021-09-30,CY2021Q3,2023.0,Q1,45317000000.0,45872866666.66667,-555866666.6666718,-1.2117548063997274,281.9200134277344,LinearTrend,WalkForward_OutSample,False,-0.72,False,NORMAL,10.0,2.0
MSFT,2021-12-31,CY2021Q4,2023.0,Q2,51728000000.0,47185963636.36364,4542036363.63636,9.625820929798838,336.32000732421875,LinearTrend,WalkForward_OutSample,False,2.39,True,WORTH_A_LOOK,10.0,2.0
MSFT,2022-03-31,CY2022Q1,2023.0,Q3,49360000000.0,50189939393.93939,-829939393.9393921,-1.6535971231708844,308.3099975585937,LinearTrend,WalkForward_OutSample,False,-0.91,False,NORMAL,10.0,2.0
MSFT,2022-06-30,,2022.0,Q4,51865000000.0,51599230769.23077,265769230.76922607,0.5150643271366506,256.8299865722656,LinearTrend,WalkForward_OutSample,False,-0.49,False,NORMAL,10.0,2.0
MSFT,2022-09-30,CY2022Q3,2024.0,Q1,50122000000.0,53312461538.46154,-3190461538.46154,-5.984457378993513,232.8999938964844,LinearTrend,WalkForward_OutSample,False,-1.48,False,NORMAL,10.0,2.0
MSFT,2022-12-31,CY2022Q4,2024.0,Q2,52747000000.0,54106561904.76191,-1359561904.7619095,-2.512748651734707,239.82000732421875,LinearTrend,WalkForward_OutSample,False,-0.48,False,NORMAL,10.0,2.0
MSFT,2023-03-31,CY2023Q1,2024.0,Q3,52857000000.0,55331799999.99999,-2474799999.9999924,-4.472654061498076,288.29998779296875,LinearTrend,WalkForward_OutSample,False,-0.76,False,NORMAL,10.0,2.0
MSFT,2023-06-30,,2023.0,Q4,56189000000.0,56284632352.94119,-95632352.941185,-0.1699084615877173,340.5400085449219,LinearTrend,WalkForward_OutSample,False,1.05,False,NORMAL,10.0,2.0
MSFT,2023-09-30,CY2023Q3,2025.0,Q1,56517000000.0,57749993464.05229,-1232993464.052292,-2.1350538590446675,315.75,LinearTrend,WalkForward_OutSample,False,0.46,False,NORMAL,10.0,2.0
MSFT,2023-12-31,CY2023Q4,2025.0,Q2,62020000000.0,58975350877.19298,3044649122.807022,5.162579073326807,376.0400085449219,LinearTrend,WalkForward_OutSample,False,4.24,True,WORTH_A_LOOK,10.0,2.0
MSFT,2024-03-31,CY2024Q1,2025.0,Q3,61858000000.0,61049747368.42105,808252631.578949,1.3239246129903406,424.5700073242188,LinearTrend,WalkForward_OutSample,False,0.42,False,NORMAL,10.0,2.0
MSFT,2024-06-30,,2024.0,Q4,64727000000.0,62712661904.7619,2014338095.238098,3.2120117916492794,456.7300109863281,LinearTrend,WalkForward_OutSample,False,0.7,False,NORMAL,10.0,2.0
MSFT,2024-09-30,CY2024Q3,2026.0,Q1,65585000000.0,64598363636.36363,986636363.6363678,1.5273395610921816,430.2999877929688,LinearTrend,WalkForward_OutSample,False,-0.12,False,NORMAL,10.0,2.0
MSFT,2024-12-31,CY2024Q4,2026.0,Q2,69632000000.0,66313296442.68775,3318703557.312248,5.004582391979996,421.5,LinearTrend,WalkForward_OutSample,False,1.23,False,NORMAL,10.0,2.0
MSFT,2025-03-31,CY2025Q1,2026.0,Q3,70066000000.0,68420481884.05797,1645518115.942032,2.405008077450327,375.3900146484375,LinearTrend,WalkForward_OutSample,False,-0.21,False,NORMAL,10.0,2.0
MSFT,2025-06-30,CY2025,2026.0,Q4,76441000000.0,70271019999.99998,6169980000.000015,8.780262475199615,497.4100036621094,LinearTrend,WalkForward_OutSample,False,3.88,True,WORTH_A_LOOK,10.0,2.0
MSFT,2025-09-30,CY2025Q3,2026.0,Q1,77673000000.0,72822692307.69229,4850307692.307709,6.660434458827841,517.9500122070312,LinearTrend,WalkForward_OutSample,False,0.69,False,NORMAL,10.0,2.0
MSFT,2025-12-31,CY2025Q4,2026.0,Q2,81273000000.0,75196435897.43591,6076564102.564087,8.080920365497388,483.6199951171875,LinearTrend,WalkForward_OutSample,False,0.88,False,NORMAL,10.0,2.0
AMZN,2019-03-31,CY2019Q1,2020.0,FY,59700000000.0,59700000000.0,0.0,0.0,90.70950317382812,SimpleExpSmoothing,Warmup_Baseline,False,0.0,False,NORMAL,10.0,2.0
AMZN,2019-06-30,CY2019Q2,2020.0,FY,63404000000.0,63404000000.0,0.0,0.0,96.1094970703125,SimpleExpSmoothing,Warmup_Baseline,False,0.0,False,NORMAL,10.0,2.0
AMZN,2019-09-30,CY2019Q3,2020.0,FY,69981000000.0,69981000000.0,0.0,0.0,86.79550170898438,SimpleExpSmoothing,Warmup_Baseline,False,0.0,False,NORMAL,10.0,2.0
AMZN,2019-12-31,CY2019Q4,2020.0,FY,87437000000.0,87437000000.0,0.0,0.0,92.39199829101562,SimpleExpSmoothing,Warmup_Baseline,False,0.0,False,NORMAL,10.0,2.0
AMZN,2020-03-31,CY2020Q1,2021.0,Q1,75452000000.0,75452000000.0,0.0,0.0,97.48600006103516,SimpleExpSmoothing,Warmup_Baseline,False,0.0,False,NORMAL,10.0,2.0
AMZN,2020-06-30,CY2020Q2,2021.0,Q2,88912000000.0,88912000000.0,0.0,0.0,137.9409942626953,SimpleExpSmoothing,Warmup_Baseline,False,0.0,False,NORMAL,10.0,2.0
AMZN,2020-09-30,CY2020Q3,2021.0,Q3,96145000000.0,96145000000.0,0.0,0.0,157.43649291992188,SimpleExpSmoothing,Warmup_Baseline,False,0.0,False,NORMAL,10.0,2.0
AMZN,2020-12-31,CY2020Q4,2020.0,FY,125555000000.0,125555000000.0,0.0,0.0,162.84649658203125,SimpleExpSmoothing,Warmup_Baseline,False,0.0,False,NORMAL,10.0,2.0
AMZN,2021-03-31,CY2021Q1,2022.0,Q1,108518000000.0,125554999561.75684,-17036999561.756836,-13.569351775097442,154.70399475097656,SimpleExpSmoothing,WalkForward_OutSample,False,-1.5,False,NORMAL,10.0,2.0
AMZN,2021-06-30,CY2021Q2,2022.0,Q2,113080000000.0,110535320483.83829,2544679516.1617126,2.302141528176759,172.00799560546875,SimpleExpSmoothing,WalkForward_OutSample,False,0.84,False,NORMAL,10.0,2.0
AMZN,2021-09-30,CY2021Q3,2022.0,Q3,110812000000.0,112628514753.98132,-1816514753.981308,-1.6128373511354468,164.2519989013672,SimpleExpSmoothing,WalkForward_OutSample,False,0.17,False,NORMAL,10.0,2.0
AMZN,2021-12-31,,2021.0,Q4,137412000000.0,111107387987.16516,26304612012.83485,23.674944114313533,166.7169952392578,SimpleExpSmoothing,WalkForward_OutSample,False,3.8,True,WORTH_A_LOOK,10.0,2.0
AMZN,2022-03-31,CY2022Q1,2023.0,Q1,116444000000.0,132084303819.2789,-15640303819.2789,-11.841152481432133,162.99749755859375,SimpleExpSmoothing,WalkForward_OutSample,False,-0.94,False,NORMAL,10.0,2.0
AMZN,2022-06-30,CY2022Q2,2023.0,Q2,121234000000.0,120160598960.4785,1073401039.5214996,0.8933053337013969,106.20999908447266,SimpleExpSmoothing,WalkForward_OutSample,False,-0.15,False,NORMAL,10.0,2.0
AMZN,2022-09-30,CY2022Q3,2023.0,Q3,127101000000.0,120951205249.4112,6149794750.588806,5.084525398409574,113.0,SimpleExpSmoothing,WalkForward_OutSample,False,0.15,False,NORMAL,10.0,2.0
AMZN,2022-12-31,,2022.0,Q4,149204000000.0,125458647820.18466,23745352179.81534,18.92683572825421,84.0,SimpleExpSmoothing,WalkForward_OutSample,False,0.98,False,NORMAL,10.0,2.0
AMZN,2023-03-31,CY2023Q1,2024.0,Q1,127358000000.0,143576584493.84055,-16218584493.840546,-11.296120847989894,103.29000091552734,SimpleExpSmoothing,WalkForward_OutSample,False,-1.15,False,NORMAL,10.0,2.0
AMZN,2023-06-30,CY2023Q2,2024.0,Q2,134383000000.0,131815569061.92264,2567430938.077362,1.9477448349604796,130.36000061035156,SimpleExpSmoothing,WalkForward_OutSample,False,-0.12,False,NORMAL,10.0,2.0
AMZN,2023-09-30,CY2023Q3,2024.0,Q3,143083000000.0,133589040208.54884,9493959791.451157,7.106840334079745,127.12000274658205,SimpleExpSmoothing,WalkForward_OutSample,False,0.28,False,NORMAL,10.0,2.0
AMZN,2023-12-31,,2023.0,Q4,169961000000.0,140136816687.01355,29824183312.98645,21.28218980426594,151.94000244140625,SimpleExpSmoothing,WalkForward_OutSample,False,1.37,False,NORMAL,10.0,2.0
AMZN,2024-03-31,CY2024Q1,2025.0,Q1,143313000000.0,162165010428.0408,-18852010428.0408,-11.625202242012746,180.97000122070312,SimpleExpSmoothing,WalkForward_OutSample,False,-1.22,False,NORMAL,10.0,2.0
AMZN,2024-06-30,CY2024Q2,2025.0,Q2,147977000000.0,148914481457.89154,-937481457.8915404,-0.6295435129703162,197.1999969482422,SimpleExpSmoothing,WalkForward_OutSample,False,-0.39,False,NORMAL,10.0,2.0
AMZN,2024-09-30,CY2024Q3,2025.0,Q3,158877000000.0,148298727467.90323,10578272532.096771,7.133083818528559,186.3300018310547,SimpleExpSmoothing,WalkForward_OutSample,False,0.22,False,NORMAL,10.0,2.0
AMZN,2024-12-31,,2024.0,Q4,187792000000.0,155208518959.8014,32583481040.19861,20.993358649751464,219.38999938964844,SimpleExpSmoothing,WalkForward_OutSample,False,1.23,False,NORMAL,10.0,2.0
AMZN,2025-03-31,CY2025Q1,2026.0,Q1,155667000000.0,177814873675.72293,-22147873675.72293,-12.455579906163262,190.259994506836,SimpleExpSmoothing,WalkForward_OutSample,False,-1.2,False,NORMAL,10.0,2.0
AMZN,2025-06-30,CY2025Q2,2026.0,Q2,167702000000.0,163155364529.95752,4546635470.04248,2.78669076137405,219.38999938964844,SimpleExpSmoothing,WalkForward_OutSample,False,-0.07,False,NORMAL,10.0,2.0
AMZN,2025-09-30,CY2025Q3,2025.0,Q3,180169000000.0,165942641126.1078,14226358873.892212,8.573058002060433,219.57000732421875,SimpleExpSmoothing,WalkForward_OutSample,False,0.29,False,NORMAL,10.0,2.0
AMZN,2025-12-31,CY2025,2025.0,Q4,213386000000.0,174577000186.2342,38808999813.76581,22.230305121731604,230.82000732421875,SimpleExpSmoothing,WalkForward_OutSample,False,1.24,False,NORMAL,10.0,2.0
NVDA,2019-01-27,,,,,,0.0,0.0,3.4502499103546143,Naive,Warmup_Baseline,False,0.0,False,NORMAL,10.0,2.0
NVDA,2019-04-28,CY2019Q1,2020.0,Q1,2220000000.0,2220000000.0,0.0,0.0,4.483250141143799,Naive,Warmup_Baseline,False,0.0,False,NORMAL,10.0,2.0
NVDA,2019-07-28,CY2019Q2,2020.0,Q2,2579000000.0,2579000000.0,0.0,0.0,4.370500087738037,Naive,Warmup_Baseline,False,0.0,False,NORMAL,10.0,2.0
NVDA,2019-10-27,CY2019Q3,2021.0,Q3,3014000000.0,3014000000.0,0.0,0.0,5.169750213623047,Naive,Warmup_Baseline,False,0.0,False,NORMAL,10.0,2.0
NVDA,2020-01-26,,,,,,0.0,0.0,6.005000114440918,Naive,Warmup_Baseline,False,0.0,False,NORMAL,10.0,2.0
NVDA,2020-04-26,CY2020Q1,2022.0,Q1,3080000000.0,3080000000.0,0.0,0.0,7.427000045776367,Naive,Warmup_Baseline,False,0.0,False,NORMAL,10.0,2.0
NVDA,2020-07-26,CY2020Q2,2022.0,Q2,3866000000.0,3866000000.0,0.0,0.0,10.421500205993652,Naive,Warmup_Baseline,False,0.0,False,NORMAL,10.0,2.0
NVDA,2020-10-25,CY2020Q3,2022.0,Q3,4726000000.0,4726000000.0,0.0,0.0,13.141249656677246,Naive,Warmup_Baseline,False,0.0,False,NORMAL,10.0,2.0
NVDA,2021-01-31,,,,,4726000000.0,,,13.237000465393066,Naive,WalkForward_OutSample,False,0.0,False,NORMAL,10.0,2.0
NVDA,2021-05-02,CY2021Q1,2023.0,Q1,5661000000.0,0.0,5661000000.0,,14.836750030517578,Naive,WalkForward_OutSample,False,0.0,False,NORMAL,10.0,2.0
NVDA,2021-08-01,CY2021Q2,2023.0,Q2,6507000000.0,5661000000.0,846000000.0,14.94435612082671,19.75,Naive,WalkForward_OutSample,False,1.15,False,NORMAL,10.0,2.0
NVDA,2021-10-31,CY2021Q3,2023.0,Q3,7103000000.0,6507000000.0,596000000.0,9.159366835715383,25.82699966430664,Naive,WalkForward_OutSample,False,0.48,False,NORMAL,10.0,2.0
NVDA,2022-01-30,,2022.0,Q4,7643000000.0,7103000000.0,540000000.0,7.602421512037168,24.48600006103516,Naive,WalkForward_OutSample,False,-0.06,False,NORMAL,10.0,2.0
NVDA,2022-05-01,CY2022Q1,2024.0,Q1,8288000000.0,7643000000.0,645000000.0,8.439094596362686,19.53300094604492,Naive,WalkForward_OutSample,False,0.08,False,NORMAL,10.0,2.0
NVDA,2022-07-31,CY2022Q2,2024.0,Q2,6704000000.0,8288000000.0,-1584000000.0,-19.111969111969117,18.44099998474121,Naive,WalkForward_OutSample,False,-8.74,True,WORTH_A_LOOK,10.0,2.0
NVDA,2022-10-30,CY2022Q3,2024.0,Q3,5931000000.0,6704000000.0,-773000000.0,-11.530429594272077,13.496999740600586,Naive,WalkForward_OutSample,False,-0.95,False,NORMAL,10.0,2.0
NVDA,2023-01-29,,2023.0,Q4,6051000000.0,5931000000.0,120000000.0,2.0232675771370765,19.16200065612793,Naive,WalkForward_OutSample,False,0.41,False,NORMAL,10.0,2.0
NVDA,2023-04-30,CY2023Q1,2025.0,Q1,7192000000.0,6051000000.0,1141000000.0,18.85638737398777,28.90999984741211,Naive,WalkForward_OutSample,False,1.91,True,WORTH_A_LOOK,10.0,2.0
NVDA,2023-07-30,CY2023Q2,2025.0,Q2,13507000000.0,7192000000.0,6315000000.0,87.8058954393771,46.729000091552734,Naive,WalkForward_OutSample,False,5.41,True,WORTH_A_LOOK,10.0,2.0
NVDA,2023-10-29,CY2023Q3,2025.0,Q3,18120000000.0,13507000000.0,4613000000.0,34.15266158288295,41.1609992980957,Naive,WalkForward_OutSample,False,0.22,False,NORMAL,10.0,2.0
NVDA,2024-01-28,,2024.0,Q4,22103000000.0,18120000000.0,3983000000.0,21.981236203090507,62.46500015258789,Naive,WalkForward_OutSample,False,-0.37,False,NORMAL,10.0,2.0
NVDA,2024-04-28,CY2024Q1,2026.0,Q1,26044000000.0,22103000000.0,3941000000.0,17.830158801972583,87.75700378417969,Naive,WalkForward_OutSample,False,-0.71,False,NORMAL,10.0,2.0
NVDA,2024-07-28,CY2024Q2,2026.0,Q2,30040000000.0,26044000000.0,3996000000.0,15.343265243434187,111.58999633789062,Naive,WalkForward_OutSample,False,-0.78,False,NORMAL,10.0,2.0
NVDA,2024-10-27,CY2024Q3,2026.0,Q3,35082000000.0,30040000000.0,5042000000.0,16.784287616511318,140.52000427246094,Naive,WalkForward_OutSample,False,-0.66,False,NORMAL,10.0,2.0
NVDA,2025-01-26,CY2024,2026.0,Q4,-17314000000.0,35082000000.0,-52396000000.0,-149.35294452995836,118.41999816894533,Naive,WalkForward_OutSample,False,-58.66,True,WORTH_A_LOOK,10.0,2.0
NVDA,2025-04-27,CY2025Q1,2027.0,Q1,44062000000.0,0.0,44062000000.0,,108.7300033569336,Naive,WalkForward_OutSample,False,0.3,False,NORMAL,10.0,2.0
NVDA,2025-07-27,CY2025Q2,2027.0,Q2,46743000000.0,44062000000.0,2681000000.0,6.084608052289956,176.75,Naive,WalkForward_OutSample,False,0.44,False,NORMAL,10.0,2.0
NVDA,2025-10-26,CY2025Q3,2026.0,Q3,57006000000.0,46743000000.0,10263000000.0,21.95622874013221,191.4900054931641,Naive,WalkForward_OutSample,False,0.68,False,NORMAL,10.0,2.0
WMT,2019-01-31,CY2018Q4,2020.0,FY,137743000000.0,137743000000.0,0.0,0.0,31.94333267211914,LinearTrend,Warmup_Baseline,False,0.0,False,NORMAL,10.0,2.0
WMT,2019-04-30,CY2019Q1,2021.0,Q1,122949000000.0,122949000000.0,0.0,0.0,34.279998779296875,LinearTrend,Warmup_Baseline,False,0.0,False,NORMAL,10.0,2.0
WMT,2019-07-31,CY2019Q2,2021.0,Q2,129388000000.0,129388000000.0,0.0,0.0,36.79333114624024,LinearTrend,Warmup_Baseline,False,0.0,False,NORMAL,10.0,2.0
WMT,2019-10-31,CY2019Q3,2021.0,Q3,126981000000.0,126981000000.0,0.0,0.0,39.08666610717773,LinearTrend,Warmup_Baseline,False,0.0,False,NORMAL,10.0,2.0
WMT,2020-01-31,,2020.0,Q4,140608000000.0,140608000000.0,0.0,0.0,38.163333892822266,LinearTrend,Warmup_Baseline,False,0.0,False,NORMAL,10.0,2.0
WMT,2020-04-30,CY2020Q1,2022.0,Q1,133672000000.0,133672000000.0,0.0,0.0,40.51666641235352,LinearTrend,Warmup_Baseline,False,0.0,False,NORMAL,10.0,2.0
WMT,2020-07-31,CY2020Q2,2022.0,Q2,136824000000.0,136824000000.0,0.0,0.0,43.133331298828125,LinearTrend,Warmup_Baseline,False,0.0,False,NORMAL,10.0,2.0
WMT,2020-10-31,CY2020Q3,2022.0,Q3,133752000000.0,133752000000.0,0.0,0.0,46.25,LinearTrend,Warmup_Baseline,False,0.0,False,NORMAL,10.0,2.0
WMT,2021-01-31,,2021.0,Q4,150985000000.0,136378035714.28572,14606964285.71428,10.710642816645429,46.42333221435547,LinearTrend,WalkForward_OutSample,False,1.5,False,NORMAL,10.0,2.0
WMT,2021-04-30,CY2021Q1,2023.0,Q1,137159000000.0,143678555555.55557,-6519555555.5555725,-4.537598203396946,46.63666534423828,LinearTrend,WalkForward_OutSample,False,-1.35,False,NORMAL,10.0,2.0
WMT,2021-07-31,CY2021Q2,2023.0,Q2,139871000000.0,142853066666.66666,-2982066666.6666565,-2.0875062301777607,47.51666641235352,LinearTrend,WalkForward_OutSample,False,-0.56,False,NORMAL,10.0,2.0
WMT,2021-10-31,CY2021Q3,2023.0,Q3,139207000000.0,143195400000.0,-3988400000.0,-2.7852850021718574,49.93000030517578,LinearTrend,WalkForward_OutSample,False,-0.57,False,NORMAL,10.0,2.0
WMT,2022-01-31,,2022.0,Q4,151525000000.0,143157106060.60605,8367893939.393951,5.845252233480729,46.60333251953125,LinearTrend,WalkForward_OutSample,False,0.79,False,NORMAL,10.0,2.0
WMT,2022-04-30,CY2022Q1,2024.0,Q1,140288000000.0,146869615384.6154,-6581615384.615387,-4.48126412490409,50.99666595458984,LinearTrend,WalkForward_OutSample,False,-0.78,False,NORMAL,10.0,2.0
WMT,2022-07-31,CY2022Q2,2024.0,Q2,151381000000.0,146402791208.79123,4978208791.208771,3.40035101114236,44.18000030517578,LinearTrend,WalkForward_OutSample,False,0.93,False,NORMAL,10.0,2.0
WMT,2022-10-31,CY2022Q3,2024.0,Q3,151469000000.0,148955904761.9048,2513095238.095215,1.6871403937374725,47.44333267211914,LinearTrend,WalkForward_OutSample,False,0.24,False,NORMAL,10.0,2.0
WMT,2023-01-31,,2023.0,Q4,162743000000.0,150934225000.0,11808775000.0,7.823788806017985,47.956668853759766,LinearTrend,WalkForward_OutSample,False,1.41,False,NORMAL,10.0,2.0
WMT,2023-04-30,CY2023Q1,2025.0,Q1,151004000000.0,155118242647.05884,-4114242647.058838,-2.65232675206358,50.52999877929688,LinearTrend,WalkForward_OutSample,False,-0.93,False,NORMAL,10.0,2.0
WMT,2023-07-31,CY2023Q2,2025.0,Q2,160280000000.0,155840993464.0523,4439006535.947693,2.848420327204622,53.28666687011719,LinearTrend,WalkForward_OutSample,False,0.07,False,NORMAL,10.0,2.0
WMT,2023-10-31,CY2023Q3,2025.0,Q3,159439000000.0,158340368421.0526,1098631578.9473877,0.6938417473085252,54.470001220703125,LinearTrend,WalkForward_OutSample,False,-0.4,False,NORMAL,10.0,2.0
WMT,2024-01-31,,2024.0,Q4,171914000000.0,160195031578.94736,11718968421.052645,7.315438129101587,55.08333206176758,LinearTrend,WalkForward_OutSample,False,1.17,False,NORMAL,10.0,2.0
WMT,2024-04-30,CY2024Q1,2026.0,Q1,159938000000.0,164077847619.0476,-4139847619.047608,-2.5230996622160817,59.34999847412109,LinearTrend,WalkForward_OutSample,False,-1.1,False,NORMAL,10.0,2.0
WMT,2024-07-31,CY2024Q2,2026.0,Q2,167767000000.0,165127974025.97403,2639025974.0259705,1.5981701402155282,68.63999938964844,LinearTrend,WalkForward_OutSample,False,-0.12,False,NORMAL,10.0,2.0
WMT,2024-10-31,CY2024Q3,2026.0,Q3,168003000000.0,167340671936.75888,662328063.2411194,0.3957962254934803,81.94999694824219,LinearTrend,WalkForward_OutSample,False,-0.34,False,NORMAL,10.0,2.0
WMT,2025-01-31,CY2024,2026.0,Q4,157038000000.0,169233481884.05795,-12195481884.057953,-7.206305601165313,98.16000366210938,LinearTrend,WalkForward_OutSample,False,-2.16,True,WORTH_A_LOOK,10.0,2.0
WMT,2025-04-30,CY2025Q1,2027.0,Q1,163981000000.0,169071250000.0,-5090250000.0,-3.010712939071545,97.25,LinearTrend,WalkForward_OutSample,False,-0.27,False,NORMAL,10.0,2.0
WMT,2025-07-31,CY2025Q2,2027.0,Q2,175750000000.0,169964606153.84616,5785393846.153839,3.4038815357340333,97.9800033569336,LinearTrend,WalkForward_OutSample,False,1.38,False,NORMAL,10.0,2.0
WMT,2025-10-31,CY2025Q3,2026.0,Q3,177769000000.0,172454666666.6667,5314333333.333313,3.0815827927725814,101.18000030517578,LinearTrend,WalkForward_OutSample,False,1.03,False,NORMAL,10.0,2.0
