ticker,period_end_date,calendar_frame,fiscal_year,fiscal_period,actual_revenue,forecast_revenue,variance,variance_pct,stock_price,best_method,forecast_type,changepoint_flag,variance_zscore,zscore_flag,anomaly_tier,pelt_penalty,z_threshold,net_income,opex,volume
AAPL,2019-03-30,,2019.0,Q2,58015000000.0,58015000000.0,0.0,0.0,47.48749923706055,SimpleExpSmoothing,Warmup_Baseline,False,0.0,False,NORMAL,10.0,2.0,11561000000.0,8406000000.0,94256000.0
AAPL,2019-06-29,,2019.0,Q3,53809000000.0,53809000000.0,0.0,0.0,49.47999954223633,SimpleExpSmoothing,Warmup_Baseline,False,0.0,False,NORMAL,10.0,2.0,10044000000.0,8683000000.0,124442400.0
AAPL,2019-09-28,,2019.0,Q4,64040000000.0,64040000000.0,0.0,0.0,54.70500183105469,SimpleExpSmoothing,Warmup_Baseline,False,0.0,False,NORMAL,10.0,2.0,13686000000.0,8688000000.0,101408000.0
AAPL,2019-12-28,,2020.0,Q1,91819000000.0,91819000000.0,0.0,0.0,72.44999694824219,SimpleExpSmoothing,Warmup_Baseline,False,0.0,False,NORMAL,10.0,2.0,22236000000.0,9648000000.0,146266000.0
AAPL,2020-03-28,,2020.0,Q2,58313000000.0,58313000000.0,0.0,0.0,61.935001373291016,SimpleExpSmoothing,Warmup_Baseline,False,0.0,False,NORMAL,10.0,2.0,11249000000.0,9517000000.0,204216800.0
AAPL,2020-06-27,,2020.0,Q3,59685000000.0,59685000000.0,0.0,0.0,88.40750122070312,SimpleExpSmoothing,Warmup_Baseline,False,0.0,False,NORMAL,10.0,2.0,11253000000.0,9589000000.0,205256800.0
AAPL,2020-09-26,,2020.0,Q4,64698000000.0,64698000000.0,0.0,0.0,112.27999877929688,SimpleExpSmoothing,Warmup_Baseline,False,0.0,False,NORMAL,10.0,2.0,12673000000.0,9914000000.0,149981400.0
AAPL,2020-12-26,,2021.0,Q1,111439000000.0,111439000000.0,0.0,0.0,131.97000122070312,SimpleExpSmoothing,Warmup_Baseline,False,0.0,False,NORMAL,10.0,2.0,28755000000.0,10794000000.0,54930100.0
AAPL,2021-03-27,,2021.0,Q2,89584000000.0,76397462643.51767,13186537356.48233,17.260438894433896,121.20999908447266,SimpleExpSmoothing,WalkForward_OutSample,False,1.5,False,NORMAL,10.0,2.0,23630000000.0,10576000000.0,94071200.0
AAPL,2021-06-26,,2021.0,Q3,81434000000.0,84479646289.3516,-3045646289.351593,-3.605183524230129,133.11000061035156,SimpleExpSmoothing,WalkForward_OutSample,False,-0.92,False,NORMAL,10.0,2.0,21744000000.0,11129000000.0,70783700.0
AAPL,2021-09-25,,2021.0,Q4,83360000000.0,73283599568.28427,10076400431.715729,13.74987103673412,146.9199981689453,SimpleExpSmoothing,WalkForward_OutSample,False,1.1,False,NORMAL,10.0,2.0,20551000000.0,11388000000.0,53477900.0
AAPL,2021-12-25,,2022.0,Q1,123945000000.0,83386404857.448,40558595142.552,48.639337805591154,176.27999877929688,SimpleExpSmoothing,WalkForward_OutSample,False,4.1,True,WORTH_A_LOOK,10.0,2.0,34630000000.0,12755000000.0,68356600.0
AAPL,2022-03-26,,2022.0,Q2,97278000000.0,101318185742.40384,-4040185742.403839,-3.987621484533684,174.72000122070312,SimpleExpSmoothing,WalkForward_OutSample,False,-1.06,False,NORMAL,10.0,2.0,25010000000.0,12580000000.0,80546200.0
AAPL,2022-06-25,,2022.0,Q3,82959000000.0,99239141466.46951,-16280141466.469513,-16.404960004586673,141.66000366210938,SimpleExpSmoothing,WalkForward_OutSample,False,-1.22,False,NORMAL,10.0,2.0,19442000000.0,12809000000.0,89116800.0
AAPL,2022-09-24,,2022.0,Q4,90146000000.0,92461683200.87724,-2315683200.877243,-2.5044787426661,150.42999267578125,SimpleExpSmoothing,WalkForward_OutSample,False,-0.46,False,NORMAL,10.0,2.0,20721000000.0,13201000000.0,96029900.0
AAPL,2022-12-31,,2023.0,Q1,117154000000.0,91564073316.4712,25589926683.52881,27.947562571930177,129.92999267578125,SimpleExpSmoothing,WalkForward_OutSample,False,0.75,False,NORMAL,10.0,2.0,29998000000.0,14316000000.0,77034200.0
AAPL,2023-04-01,,2023.0,Q2,94836000000.0,99898789891.38371,-5062789891.383728,-5.067919137847729,164.89999389648438,SimpleExpSmoothing,WalkForward_OutSample,False,-0.34,False,NORMAL,10.0,2.0,24160000000.0,13658000000.0,68749800.0
AAPL,2023-07-01,,2023.0,Q3,81797000000.0,98794480533.0038,-16997480533.0038,-17.204888816967394,193.97000122070312,SimpleExpSmoothing,WalkForward_OutSample,False,-0.96,False,NORMAL,10.0,2.0,19881000000.0,13415000000.0,85213200.0
AAPL,2023-09-30,,2023.0,Q4,89498000000.0,92523466788.11292,-3025466788.112915,-3.269945337264012,171.2100067138672,SimpleExpSmoothing,WalkForward_OutSample,False,-0.21,False,NORMAL,10.0,2.0,22956000000.0,13458000000.0,51861100.0
AAPL,2023-12-30,,2024.0,Q1,119575000000.0,91400584218.7294,28174415781.2706,30.825203167024423,192.52999877929688,SimpleExpSmoothing,WalkForward_OutSample,False,1.57,True,WORTH_A_LOOK,10.0,2.0,33916000000.0,14482000000.0,42672100.0
AAPL,2024-03-30,,2024.0,Q2,90753000000.0,101431709729.20038,-10678709729.200378,-10.52797962068283,171.47999572753906,SimpleExpSmoothing,WalkForward_OutSample,False,-0.57,False,NORMAL,10.0,2.0,23636000000.0,14371000000.0,65672700.0
AAPL,2024-06-29,,2024.0,Q3,85777000000.0,97619470823.97816,-11842470823.97815,-12.131258983499118,210.6199951171875,SimpleExpSmoothing,WalkForward_OutSample,False,-0.57,False,NORMAL,10.0,2.0,21448000000.0,14326000000.0,82542700.0
AAPL,2024-09-28,,2024.0,Q4,94930000000.0,93587898861.97304,1342101138.026947,1.4340541398480675,227.7899932861328,SimpleExpSmoothing,WalkForward_OutSample,False,0.01,False,NORMAL,10.0,2.0,14736000000.0,14288000000.0,34026000.0
AAPL,2024-12-28,,2025.0,Q1,124300000000.0,94254196000.07796,30045803999.922028,31.877417955904235,255.58999633789065,SimpleExpSmoothing,WalkForward_OutSample,False,1.48,True,WORTH_A_LOOK,10.0,2.0,36330000000.0,15443000000.0,42355300.0
AAPL,2025-03-29,,2025.0,Q2,95359000000.0,104157347323.48984,-8798347323.489853,-8.447169162405912,217.8999938964844,SimpleExpSmoothing,WalkForward_OutSample,False,-0.54,False,NORMAL,10.0,2.0,24780000000.0,15278000000.0,39818600.0
AAPL,2025-06-28,,2025.0,Q3,94036000000.0,101135001408.096,-7099001408.095993,-7.019331892279687,201.0800018310547,SimpleExpSmoothing,WalkForward_OutSample,False,-0.51,False,NORMAL,10.0,2.0,23434000000.0,15516000000.0,73188600.0
AAPL,2025-09-27,CY2025,2025.0,Q4,102466000000.0,98831529423.19664,3634470576.80336,3.677440385689627,255.4600067138672,SimpleExpSmoothing,WalkForward_OutSample,False,-0.04,False,NORMAL,10.0,2.0,27466000000.0,15914000000.0,46076300.0
AAPL,2025-12-27,CY2025Q4,2026.0,Q1,143756000000.0,100001964782.32788,43754035217.67213,43.75317556301079,273.3999938964844,SimpleExpSmoothing,WalkForward_OutSample,False,2.07,True,WORTH_A_LOOK,10.0,2.0,42097000000.0,18379000000.0,21521800.0
AAPL,2026-03-28,CY2026Q1,2026.0,Q2,111184000000.0,114329703763.00693,-3145703763.0069275,-2.751431744743807,248.8000030517578,SimpleExpSmoothing,WalkForward_OutSample,False,-0.44,False,NORMAL,10.0,2.0,29578000000.0,18896000000.0,47900000.0
AAPL,2026-06-27,CY2026Q2,2026.0,Q3,109417000000.0,113170787239.11156,-3753787239.111572,-3.316922441460469,283.7799987792969,SimpleExpSmoothing,WalkForward_OutSample,False,-0.55,False,NORMAL,10.0,2.0,29789000000.0,19075000000.0,261775500.0
MSFT,2019-03-31,,2019.0,Q3,30571000000.0,30571000000.0,0.0,0.0,119.0199966430664,LinearTrend,Warmup_Baseline,False,0.0,False,NORMAL,10.0,2.0,8809000000.0,,22789100.0
MSFT,2019-06-30,,2019.0,Q4,33717000000.0,33717000000.0,0.0,0.0,135.67999267578125,LinearTrend,Warmup_Baseline,False,0.0,False,NORMAL,10.0,2.0,13187000000.0,,22613500.0
MSFT,2019-09-30,,2020.0,Q1,33055000000.0,33055000000.0,0.0,0.0,139.02999877929688,LinearTrend,Warmup_Baseline,False,0.0,False,NORMAL,10.0,2.0,10678000000.0,,17280900.0
MSFT,2019-12-31,,2020.0,Q2,36906000000.0,36906000000.0,0.0,0.0,157.6999969482422,LinearTrend,Warmup_Baseline,False,0.0,False,NORMAL,10.0,2.0,11649000000.0,,18369400.0
MSFT,2020-03-31,,2020.0,Q3,35021000000.0,35021000000.0,0.0,0.0,157.7100067138672,LinearTrend,Warmup_Baseline,False,0.0,False,NORMAL,10.0,2.0,10752000000.0,,77927200.0
MSFT,2020-06-30,,2020.0,Q4,38033000000.0,38033000000.0,0.0,0.0,203.509994506836,LinearTrend,Warmup_Baseline,False,0.0,False,NORMAL,10.0,2.0,11202000000.0,,34310300.0
MSFT,2020-09-30,,2021.0,Q1,37154000000.0,37154000000.0,0.0,0.0,210.3300018310547,LinearTrend,Warmup_Baseline,False,0.0,False,NORMAL,10.0,2.0,13893000000.0,,33829100.0
MSFT,2020-12-31,,2021.0,Q2,43076000000.0,43076000000.0,0.0,0.0,222.4199981689453,LinearTrend,Warmup_Baseline,False,0.0,False,NORMAL,10.0,2.0,15463000000.0,,20942100.0
MSFT,2021-03-31,,2021.0,Q3,41706000000.0,42250678571.42857,-544678571.4285736,-1.2891593457078931,235.7700042724609,LinearTrend,WalkForward_OutSample,False,-1.5,False,NORMAL,10.0,2.0,15457000000.0,,43623500.0
MSFT,2021-06-30,,2021.0,Q4,46152000000.0,43410611111.11112,2741388888.888885,6.315020265142539,270.8999938964844,LinearTrend,WalkForward_OutSample,False,10.3,True,WORTH_A_LOOK,10.0,2.0,16458000000.0,,21656500.0
MSFT,2021-09-30,,2022.0,Q1,45317000000.0,45872866666.66667,-555866666.6666718,-1.2117548063997274,281.9200134277344,LinearTrend,WalkForward_OutSample,False,-0.72,False,NORMAL,10.0,2.0,20505000000.0,,32343600.0
MSFT,2021-12-31,,2022.0,Q2,51728000000.0,47185963636.36364,4542036363.63636,9.625820929798838,336.32000732421875,LinearTrend,WalkForward_OutSample,False,2.39,True,WORTH_A_LOOK,10.0,2.0,18765000000.0,,18000800.0
MSFT,2022-03-31,,2022.0,Q3,49360000000.0,50189939393.93939,-829939393.9393921,-1.6535971231708844,308.3099975585937,LinearTrend,WalkForward_OutSample,False,-0.91,False,NORMAL,10.0,2.0,16728000000.0,,33422100.0
MSFT,2022-06-30,,2022.0,Q4,51865000000.0,51599230769.23077,265769230.76922607,0.5150643271366506,256.8299865722656,LinearTrend,WalkForward_OutSample,False,-0.49,False,NORMAL,10.0,2.0,16740000000.0,,31730900.0
MSFT,2022-09-30,,2023.0,Q1,50122000000.0,53312461538.46154,-3190461538.46154,-5.984457378993513,232.8999938964844,LinearTrend,WalkForward_OutSample,False,-1.48,False,NORMAL,10.0,2.0,17556000000.0,,35694800.0
MSFT,2022-12-31,,2023.0,Q2,52747000000.0,54106561904.76191,-1359561904.7619095,-2.512748651734707,239.82000732421875,LinearTrend,WalkForward_OutSample,False,-0.48,False,NORMAL,10.0,2.0,16425000000.0,,21938500.0
MSFT,2023-03-31,,2023.0,Q3,52857000000.0,55331799999.99999,-2474799999.9999924,-4.472654061498076,288.29998779296875,LinearTrend,WalkForward_OutSample,False,-0.76,False,NORMAL,10.0,2.0,18299000000.0,,32766000.0
MSFT,2023-06-30,,2023.0,Q4,56189000000.0,56284632352.94119,-95632352.941185,-0.1699084615877173,340.5400085449219,LinearTrend,WalkForward_OutSample,False,1.05,False,NORMAL,10.0,2.0,20081000000.0,,26832800.0
MSFT,2023-09-30,,2024.0,Q1,56517000000.0,57749993464.05229,-1232993464.052292,-2.1350538590446675,315.75,LinearTrend,WalkForward_OutSample,False,0.46,False,NORMAL,10.0,2.0,22291000000.0,,24147300.0
MSFT,2023-12-31,,2024.0,Q2,62020000000.0,58975350877.19298,3044649122.807022,5.162579073326807,376.0400085449219,LinearTrend,WalkForward_OutSample,False,4.24,True,WORTH_A_LOOK,10.0,2.0,21870000000.0,,18730800.0
MSFT,2024-03-31,,2024.0,Q3,61858000000.0,61049747368.42105,808252631.578949,1.3239246129903406,424.5700073242188,LinearTrend,WalkForward_OutSample,False,0.42,False,NORMAL,10.0,2.0,21939000000.0,,16316000.0
MSFT,2024-06-30,,2024.0,Q4,64727000000.0,62712661904.7619,2014338095.238098,3.2120117916492794,456.7300109863281,LinearTrend,WalkForward_OutSample,False,0.7,False,NORMAL,10.0,2.0,22036000000.0,,17662800.0
MSFT,2024-09-30,,2025.0,Q1,65585000000.0,64598363636.36363,986636363.6363678,1.5273395610921816,430.2999877929688,LinearTrend,WalkForward_OutSample,False,-0.12,False,NORMAL,10.0,2.0,24667000000.0,14934000000.0,16807300.0
MSFT,2024-12-31,,2025.0,Q2,69632000000.0,66313296442.68775,3318703557.312248,5.004582391979996,421.5,LinearTrend,WalkForward_OutSample,False,1.23,False,NORMAL,10.0,2.0,24108000000.0,16180000000.0,13246500.0
MSFT,2025-03-31,,2025.0,Q3,70066000000.0,68420481884.05797,1645518115.942032,2.405008077450327,375.3900146484375,LinearTrend,WalkForward_OutSample,False,-0.21,False,NORMAL,10.0,2.0,25824000000.0,16147000000.0,35184700.0
MSFT,2025-06-30,,2025.0,Q4,76441000000.0,70271019999.99998,6169980000.000015,8.780262475199615,497.4100036621094,LinearTrend,WalkForward_OutSample,False,3.88,True,WORTH_A_LOOK,10.0,2.0,27233000000.0,,28369000.0
MSFT,2025-09-30,CY2025Q3,2026.0,Q1,77673000000.0,72822692307.69229,4850307692.307709,6.660434458827841,517.9500122070312,LinearTrend,WalkForward_OutSample,False,0.69,False,NORMAL,10.0,2.0,27747000000.0,15669000000.0,19728200.0
MSFT,2025-12-31,CY2025Q4,2026.0,Q2,81273000000.0,75196435897.43591,6076564102.564087,8.080920365497388,483.6199951171875,LinearTrend,WalkForward_OutSample,False,0.88,False,NORMAL,10.0,2.0,38458000000.0,17020000000.0,15601600.0
MSFT,2026-03-31,CY2026Q1,2026.0,Q3,82886000000.0,77758190476.19048,5127809523.809525,6.59455871131628,370.1700134277344,LinearTrend,WalkForward_OutSample,False,0.04,False,NORMAL,10.0,2.0,31778000000.0,17660000000.0,45244400.0
MSFT,2026-06-30,CY2026,2026.0,Q4,90007000000.0,80204049261.08376,9802950738.916245,12.222513488072464,373.0199890136719,LinearTrend,WalkForward_OutSample,False,4.35,True,WORTH_A_LOOK,10.0,2.0,35766000000.0,19879000000.0,44945700.0
AMZN,2019-03-31,,2019.0,Q1,59700000000.0,59700000000.0,0.0,0.0,90.70950317382812,LinearTrend,Warmup_Baseline,False,0.0,False,NORMAL,10.0,2.0,3561000000.0,55280000000.0,84776000.0
AMZN,2019-06-30,,2019.0,Q2,63404000000.0,63404000000.0,0.0,0.0,96.1094970703125,LinearTrend,Warmup_Baseline,False,0.0,False,NORMAL,10.0,2.0,2625000000.0,60320000000.0,63842000.0
AMZN,2019-09-30,,2019.0,Q3,69981000000.0,69981000000.0,0.0,0.0,86.79550170898438,LinearTrend,Warmup_Baseline,False,0.0,False,NORMAL,10.0,2.0,2134000000.0,66824000000.0,52894000.0
AMZN,2019-12-31,,2019.0,Q4,87437000000.0,87437000000.0,0.0,0.0,92.39199829101562,LinearTrend,Warmup_Baseline,False,0.0,False,NORMAL,10.0,2.0,3268000000.0,83557000000.0,50130000.0
AMZN,2020-03-31,,2020.0,Q1,75452000000.0,75452000000.0,0.0,0.0,97.48600006103516,LinearTrend,Warmup_Baseline,False,0.0,False,NORMAL,10.0,2.0,2535000000.0,71463000000.0,102472000.0
AMZN,2020-06-30,,2020.0,Q2,88912000000.0,88912000000.0,0.0,0.0,137.9409942626953,LinearTrend,Warmup_Baseline,False,0.0,False,NORMAL,10.0,2.0,5243000000.0,83069000000.0,75394000.0
AMZN,2020-09-30,,2020.0,Q3,96145000000.0,96145000000.0,0.0,0.0,157.43649291992188,LinearTrend,Warmup_Baseline,False,0.0,False,NORMAL,10.0,2.0,6331000000.0,89951000000.0,97922000.0
AMZN,2020-12-31,CY2020Q4,2020.0,Q4,125555000000.0,125555000000.0,0.0,0.0,162.84649658203125,LinearTrend,Warmup_Baseline,False,0.0,False,NORMAL,10.0,2.0,7222000000.0,118682000000.0,59144000.0
AMZN,2021-03-31,,2021.0,Q1,108518000000.0,119189214285.7143,-10671214285.714294,-8.953171098295694,154.70399475097656,LinearTrend,WalkForward_OutSample,False,-1.5,False,NORMAL,10.0,2.0,8107000000.0,99653000000.0,61878000.0
AMZN,2021-06-30,,2021.0,Q2,113080000000.0,122416666666.66669,-9336666666.666689,-7.626957113682793,172.00799560546875,LinearTrend,WalkForward_OutSample,False,-1.2,False,NORMAL,10.0,2.0,7778000000.0,105378000000.0,48080000.0
AMZN,2021-09-30,,2021.0,Q3,110812000000.0,125940800000.0,-15128800000.0,-12.012628155450814,164.2519989013672,LinearTrend,WalkForward_OutSample,False,-1.63,False,NORMAL,10.0,2.0,3156000000.0,105960000000.0,56848000.0
AMZN,2021-12-31,,2021.0,Q4,137412000000.0,127188945454.54546,10223054545.454544,8.037691097225144,166.7169952392578,LinearTrend,WalkForward_OutSample,False,2.97,True,WORTH_A_LOOK,10.0,2.0,14323000000.0,133952000000.0,47830000.0
AMZN,2022-03-31,,2022.0,Q1,116444000000.0,136658484848.48483,-20214484848.484848,-14.791972024932756,162.99749755859375,LinearTrend,WalkForward_OutSample,False,-1.08,False,NORMAL,10.0,2.0,-3844000000.0,112775000000.0,59966000.0
AMZN,2022-06-30,,2022.0,Q2,121234000000.0,136893692307.6923,-15659692307.692308,-11.439308885390007,106.20999908447266,LinearTrend,WalkForward_OutSample,False,-0.47,False,NORMAL,10.0,2.0,-2028000000.0,117917000000.0,97679400.0
AMZN,2022-09-30,,2022.0,Q3,127101000000.0,138208131868.13187,-11107131868.131866,-8.036525577763747,113.0,LinearTrend,WalkForward_OutSample,False,-0.05,False,NORMAL,10.0,2.0,2872000000.0,124576000000.0,59479600.0
AMZN,2022-12-31,,2022.0,Q4,149204000000.0,140587447619.0476,8616552380.952393,6.128962810606551,84.0,LinearTrend,WalkForward_OutSample,False,1.25,False,NORMAL,10.0,2.0,278000000.0,146467000000.0,62401200.0
AMZN,2023-03-31,,2023.0,Q1,127358000000.0,147805124999.99997,-20447124999.99997,-13.83384033537401,103.29000091552734,LinearTrend,WalkForward_OutSample,False,-0.74,False,NORMAL,10.0,2.0,3172000000.0,122584000000.0,56750300.0
AMZN,2023-06-30,,2023.0,Q2,134383000000.0,148247647058.82355,-13864647058.823547,-9.352355557671792,130.36000061035156,LinearTrend,WalkForward_OutSample,False,-0.29,False,NORMAL,10.0,2.0,6750000000.0,126702000000.0,54350700.0
AMZN,2023-09-30,,2023.0,Q3,143083000000.0,150019300653.59476,-6936300653.594757,-4.62360551167424,127.12000274658205,LinearTrend,WalkForward_OutSample,False,0.19,False,NORMAL,10.0,2.0,9879000000.0,131895000000.0,62411700.0
AMZN,2023-12-31,,2023.0,Q4,169961000000.0,153168473684.2105,16792526315.78949,10.963435171659976,151.94000244140625,LinearTrend,WalkForward_OutSample,False,1.91,False,NORMAL,10.0,2.0,10624000000.0,156752000000.0,39823200.0
AMZN,2024-03-31,,2024.0,Q1,143313000000.0,161026905263.1579,-17713905263.157898,-11.000587283354283,180.97000122070312,LinearTrend,WalkForward_OutSample,False,-0.63,False,NORMAL,10.0,2.0,10431000000.0,128006000000.0,29174500.0
AMZN,2024-06-30,,2024.0,Q2,147977000000.0,162392647619.0476,-14415647619.047607,-8.877032199674996,197.1999969482422,LinearTrend,WalkForward_OutSample,False,-0.54,False,NORMAL,10.0,2.0,13485000000.0,133305000000.0,41192000.0
AMZN,2024-09-30,,2024.0,Q3,158877000000.0,164281389610.3896,-5404389610.389587,-3.289715057321258,186.3300018310547,LinearTrend,WalkForward_OutSample,False,0.01,False,NORMAL,10.0,2.0,15328000000.0,141466000000.0,41583900.0
AMZN,2024-12-31,,2024.0,Q4,187792000000.0,167680328063.2411,20111671936.75891,11.994055694579592,219.38999938964844,LinearTrend,WalkForward_OutSample,False,1.52,False,NORMAL,10.0,2.0,20004000000.0,166589000000.0,24819700.0
AMZN,2025-03-31,,2025.0,Q1,155667000000.0,175312362318.84058,-19645362318.840576,-11.20591957064132,190.259994506836,LinearTrend,WalkForward_OutSample,False,-0.81,False,NORMAL,10.0,2.0,17127000000.0,137262000000.0,63547600.0
AMZN,2025-06-30,,2025.0,Q2,167702000000.0,176650310000.0,-8948310000.0,-5.065550125555964,219.38999938964844,LinearTrend,WalkForward_OutSample,False,-0.21,False,NORMAL,10.0,2.0,18164000000.0,148531000000.0,58887800.0
AMZN,2025-09-30,CY2025Q3,2025.0,Q3,180169000000.0,179573510769.23077,595489230.7692261,0.3316130693320837,219.57000732421875,LinearTrend,WalkForward_OutSample,False,0.23,False,NORMAL,10.0,2.0,21187000000.0,162747000000.0,48396400.0
AMZN,2025-12-31,CY2025,2025.0,Q4,213386000000.0,183885113960.11395,29500886039.886047,16.043107244822988,230.82000732421875,LinearTrend,WalkForward_OutSample,False,1.73,False,NORMAL,10.0,2.0,21192000000.0,188409000000.0,24383700.0
AMZN,2026-03-31,CY2026Q1,2026.0,Q1,181519000000.0,192327634920.6349,-10808634920.634949,-5.619907365415891,208.2700042724609,LinearTrend,WalkForward_OutSample,False,-0.48,False,NORMAL,10.0,2.0,30255000000.0,157667000000.0,58470100.0
AMZN,2026-06-30,CY2026Q2,2026.0,Q2,200606000000.0,195282884236.4532,5323115763.546783,2.7258485987442844,238.33999633789065,LinearTrend,WalkForward_OutSample,False,0.13,False,NORMAL,10.0,2.0,62647000000.0,173145000000.0,66228300.0
NVDA,2019-04-28,,2020.0,Q1,2220000000.0,2220000000.0,0.0,0.0,4.483250141143799,Naive,Warmup_Baseline,False,0.0,False,NORMAL,10.0,2.0,394000000.0,938000000.0,391920000.0
NVDA,2019-07-28,,2020.0,Q2,2579000000.0,2579000000.0,0.0,0.0,4.370500087738037,Naive,Warmup_Baseline,False,0.0,False,NORMAL,10.0,2.0,552000000.0,970000000.0,248160000.0
NVDA,2019-10-27,,2020.0,Q3,3014000000.0,3014000000.0,0.0,0.0,5.169750213623047,Naive,Warmup_Baseline,False,0.0,False,NORMAL,10.0,2.0,899000000.0,989000000.0,330792000.0
NVDA,2020-04-26,,2020.0,Q1,3080000000.0,3080000000.0,0.0,0.0,7.427000045776367,Naive,Warmup_Baseline,False,0.0,False,NORMAL,10.0,2.0,917000000.0,1028000000.0,479388000.0
NVDA,2020-07-26,,2020.0,Q2,3866000000.0,3866000000.0,0.0,0.0,10.421500205993652,Naive,Warmup_Baseline,False,0.0,False,NORMAL,10.0,2.0,622000000.0,1624000000.0,292132000.0
NVDA,2020-10-25,,2021.0,Q3,4726000000.0,4726000000.0,0.0,0.0,13.141249656677246,Naive,Warmup_Baseline,False,0.0,False,NORMAL,10.0,2.0,1336000000.0,1562000000.0,336896000.0
NVDA,2021-05-02,,2022.0,Q1,5661000000.0,5661000000.0,0.0,0.0,14.836750030517578,Naive,Warmup_Baseline,False,0.0,False,NORMAL,10.0,2.0,1912000000.0,1673000000.0,203912000.0
NVDA,2021-08-01,,2022.0,Q2,6507000000.0,6507000000.0,0.0,0.0,19.75,Naive,Warmup_Baseline,False,0.0,False,NORMAL,10.0,2.0,2374000000.0,1771000000.0,217444000.0
NVDA,2021-10-31,,2022.0,Q3,7103000000.0,6507000000.0,596000000.0,9.159366835715383,25.82699966430664,Naive,WalkForward_OutSample,False,1.5,False,NORMAL,10.0,2.0,2464000000.0,1960000000.0,265740000.0
NVDA,2022-01-30,,2022.0,Q4,7643000000.0,7103000000.0,540000000.0,7.602421512037168,24.48600006103516,Naive,WalkForward_OutSample,False,1.16,False,NORMAL,10.0,2.0,3003000000.0,2029000000.0,564680000.0
NVDA,2022-05-01,,2023.0,Q1,8288000000.0,7643000000.0,645000000.0,8.439094596362686,19.53300094604492,Naive,WalkForward_OutSample,False,0.87,False,NORMAL,10.0,2.0,1618000000.0,3563000000.0,572049000.0
NVDA,2022-07-31,,2023.0,Q2,6704000000.0,8288000000.0,-1584000000.0,-19.11196911196912,18.44099998474121,Naive,WalkForward_OutSample,False,-5.98,True,WORTH_A_LOOK,10.0,2.0,656000000.0,2416000000.0,476469000.0
NVDA,2022-10-30,,2023.0,Q3,5931000000.0,6704000000.0,-773000000.0,-11.530429594272077,13.496999740600586,Naive,WalkForward_OutSample,False,-0.95,False,NORMAL,10.0,2.0,680000000.0,2576000000.0,486341000.0
NVDA,2023-01-29,,2023.0,Q4,6051000000.0,5931000000.0,120000000.0,2.0232675771370765,19.16200065612793,Naive,WalkForward_OutSample,False,0.41,False,NORMAL,10.0,2.0,1414000000.0,2577000000.0,488611000.0
NVDA,2023-04-30,,2024.0,Q1,7192000000.0,6051000000.0,1141000000.0,18.85638737398777,28.90999984741211,Naive,WalkForward_OutSample,False,1.91,True,WORTH_A_LOOK,10.0,2.0,2043000000.0,2508000000.0,570329000.0
NVDA,2023-07-30,,2024.0,Q2,13507000000.0,7192000000.0,6315000000.0,87.8058954393771,46.729000091552734,Naive,WalkForward_OutSample,False,5.41,True,WORTH_A_LOOK,10.0,2.0,6188000000.0,2662000000.0,251055000.0
NVDA,2023-10-29,,2024.0,Q3,18120000000.0,13507000000.0,4613000000.0,34.15266158288295,41.1609992980957,Naive,WalkForward_OutSample,False,0.22,False,NORMAL,10.0,2.0,9243000000.0,2983000000.0,388028000.0
NVDA,2024-01-28,,2024.0,Q4,22103000000.0,18120000000.0,3983000000.0,21.981236203090507,62.46500015258789,Naive,WalkForward_OutSample,False,-0.37,False,NORMAL,10.0,2.0,12285000000.0,3177000000.0,348733000.0
NVDA,2024-04-28,,2025.0,Q1,26044000000.0,22103000000.0,3941000000.0,17.830158801972583,87.75700378417969,Naive,WalkForward_OutSample,False,-0.71,False,NORMAL,10.0,2.0,14881000000.0,3497000000.0,388971000.0
NVDA,2024-07-28,,2025.0,Q2,30040000000.0,26044000000.0,3996000000.0,15.343265243434187,111.58999633789062,Naive,WalkForward_OutSample,False,-0.78,False,NORMAL,10.0,2.0,16599000000.0,3932000000.0,248152100.0
NVDA,2024-10-27,,2025.0,Q3,35082000000.0,30040000000.0,5042000000.0,16.784287616511318,140.52000427246094,Naive,WalkForward_OutSample,False,-0.66,False,NORMAL,10.0,2.0,19309000000.0,4287000000.0,173586700.0
NVDA,2025-01-26,,2025.0,Q4,39331000000.0,35082000000.0,4249000000.0,12.111624194743744,118.41999816894533,Naive,WalkForward_OutSample,False,-2.06,True,WORTH_A_LOOK,10.0,2.0,22091000000.0,4689000000.0,818830900.0
NVDA,2025-04-27,,2026.0,Q1,44062000000.0,39331000000.0,4731000000.0,12.0286796674379,108.7300033569336,Naive,WalkForward_OutSample,False,-1.4,False,NORMAL,10.0,2.0,18775000000.0,5030000000.0,207708500.0
NVDA,2025-07-27,,2026.0,Q2,46743000000.0,44062000000.0,2681000000.0,6.084608052289956,176.75,Naive,WalkForward_OutSample,False,-3.35,True,WORTH_A_LOOK,10.0,2.0,26422000000.0,5413000000.0,140023500.0
NVDA,2025-10-26,CY2025Q3,2026.0,Q3,57006000000.0,46743000000.0,10263000000.0,21.95622874013221,191.4900054931641,Naive,WalkForward_OutSample,False,2.33,True,WORTH_A_LOOK,10.0,2.0,31910000000.0,5839000000.0,153452700.0
NVDA,2026-01-25,CY2025,2026.0,Q4,68127000000.0,57006000000.0,11121000000.0,19.50847279233765,186.47000122070312,Naive,WalkForward_OutSample,False,0.98,False,NORMAL,10.0,2.0,42960000000.0,6794000000.0,124799600.0
NVDA,2026-04-26,CY2026Q1,2027.0,Q1,81615000000.0,68127000000.0,13488000000.0,19.79831784754943,216.6100006103516,Naive,WalkForward_OutSample,False,0.68,False,NORMAL,10.0,2.0,58321000000.0,7621000000.0,187172400.0
NVDA,2026-07-26,CY2026Q2,2027.0,Q2,96221000000.0,81615000000.0,14606000000.0,17.896220057587453,196.509994506836,Naive,WalkForward_OutSample,False,0.15,False,NORMAL,10.0,2.0,59688000000.0,8408000000.0,154353700.0
WMT,2019-01-31,,2019.0,Q4,137743000000.0,137743000000.0,0.0,0.0,31.94333267211914,LinearTrend,Warmup_Baseline,False,0.0,False,NORMAL,10.0,2.0,3687000000.0,,44169000.0
WMT,2019-04-30,,2020.0,Q1,122949000000.0,122949000000.0,0.0,0.0,34.279998779296875,LinearTrend,Warmup_Baseline,False,0.0,False,NORMAL,10.0,2.0,3842000000.0,25946000000.0,18400800.0
WMT,2019-07-31,,2020.0,Q2,129388000000.0,129388000000.0,0.0,0.0,36.79333114624024,LinearTrend,Warmup_Baseline,False,0.0,False,NORMAL,10.0,2.0,3610000000.0,26871000000.0,18633900.0
WMT,2019-10-31,,2020.0,Q3,126981000000.0,126981000000.0,0.0,0.0,39.08666610717773,LinearTrend,Warmup_Baseline,False,0.0,False,NORMAL,10.0,2.0,3288000000.0,27373000000.0,14643900.0
WMT,2020-01-31,CY2019Q4,2020.0,Q4,140608000000.0,140608000000.0,0.0,0.0,38.163333892822266,LinearTrend,Warmup_Baseline,False,0.0,False,NORMAL,10.0,2.0,4141000000.0,28601000000.0,23327400.0
WMT,2020-04-30,,2021.0,Q1,133672000000.0,133672000000.0,0.0,0.0,40.51666641235352,LinearTrend,Warmup_Baseline,False,0.0,False,NORMAL,10.0,2.0,3990000000.0,27372000000.0,40497900.0
WMT,2020-07-31,,2021.0,Q2,136824000000.0,136824000000.0,0.0,0.0,43.133331298828125,LinearTrend,Warmup_Baseline,False,0.0,False,NORMAL,10.0,2.0,6476000000.0,28994000000.0,21631500.0
WMT,2020-10-31,,2021.0,Q3,133752000000.0,133752000000.0,0.0,0.0,46.25,LinearTrend,Warmup_Baseline,False,0.0,False,NORMAL,10.0,2.0,5135000000.0,28591000000.0,18601800.0
WMT,2021-01-31,,2021.0,Q4,150985000000.0,136378035714.28572,14606964285.71428,10.710642816645429,46.42333221435547,LinearTrend,WalkForward_OutSample,False,1.5,False,NORMAL,10.0,2.0,-2091000000.0,31331000000.0,25945200.0
WMT,2021-04-30,,2022.0,Q1,137159000000.0,143678555555.55557,-6519555555.5555725,-4.537598203396946,46.63666534423828,LinearTrend,WalkForward_OutSample,False,-1.35,False,NORMAL,10.0,2.0,2730000000.0,28129000000.0,19680000.0
WMT,2021-07-31,,2022.0,Q2,139871000000.0,142853066666.66666,-2982066666.6666565,-2.0875062301777607,47.51666641235352,LinearTrend,WalkForward_OutSample,False,-0.56,False,NORMAL,10.0,2.0,4276000000.0,28511000000.0,16332300.0
WMT,2021-10-31,,2022.0,Q3,139207000000.0,143195400000.0,-3988400000.0,-2.7852850021718574,49.93000030517578,LinearTrend,WalkForward_OutSample,False,-0.57,False,NORMAL,10.0,2.0,3105000000.0,29710000000.0,12549600.0
WMT,2022-01-31,,2022.0,Q4,151525000000.0,143157106060.60605,8367893939.393951,5.845252233480729,46.60333251953125,LinearTrend,WalkForward_OutSample,False,0.79,False,NORMAL,10.0,2.0,3562000000.0,31462000000.0,20193600.0
WMT,2022-04-30,,2023.0,Q1,140288000000.0,146869615384.6154,-6581615384.615387,-4.48126412490409,50.99666595458984,LinearTrend,WalkForward_OutSample,False,-0.78,False,NORMAL,10.0,2.0,2054000000.0,29404000000.0,21088800.0
WMT,2022-07-31,,2023.0,Q2,151381000000.0,146402791208.79123,4978208791.208771,3.40035101114236,44.18000030517578,LinearTrend,WalkForward_OutSample,False,0.93,False,NORMAL,10.0,2.0,5149000000.0,30167000000.0,24996300.0
WMT,2022-10-31,,2023.0,Q3,151469000000.0,148955904761.9048,2513095238.095215,1.6871403937374725,47.44333267211914,LinearTrend,WalkForward_OutSample,False,0.24,False,NORMAL,10.0,2.0,-1798000000.0,34505000000.0,22572000.0
WMT,2023-01-31,,2023.0,Q4,162743000000.0,150934225000.0,11808775000.0,7.823788806017985,47.956668853759766,LinearTrend,WalkForward_OutSample,False,1.41,False,NORMAL,10.0,2.0,6275000000.0,33064000000.0,14103600.0
WMT,2023-04-30,,2024.0,Q1,151004000000.0,155118242647.05884,-4114242647.058838,-2.65232675206358,50.52999877929688,LinearTrend,WalkForward_OutSample,False,-0.93,False,NORMAL,10.0,2.0,1673000000.0,30777000000.0,11409600.0
WMT,2023-07-31,,2024.0,Q2,160280000000.0,155840993464.0523,4439006535.947693,2.848420327204622,53.28666687011719,LinearTrend,WalkForward_OutSample,False,0.07,False,NORMAL,10.0,2.0,7891000000.0,32466000000.0,13033200.0
WMT,2023-10-31,,2024.0,Q3,159439000000.0,158340368421.0526,1098631578.9473877,0.6938417473085252,54.470001220703125,LinearTrend,WalkForward_OutSample,False,-0.4,False,NORMAL,10.0,2.0,453000000.0,33419000000.0,14168400.0
WMT,2024-01-31,,2024.0,Q4,171914000000.0,160195031578.94736,11718968421.052645,7.315438129101587,55.08333206176758,LinearTrend,WalkForward_OutSample,False,1.17,False,NORMAL,10.0,2.0,5494000000.0,34309000000.0,26134800.0
WMT,2024-04-30,,2025.0,Q1,159938000000.0,164077847619.0476,-4139847619.047608,-2.5230996622160817,59.34999847412109,LinearTrend,WalkForward_OutSample,False,-1.1,False,NORMAL,10.0,2.0,5104000000.0,33236000000.0,14209200.0
WMT,2024-07-31,,2025.0,Q2,167767000000.0,165127974025.97403,2639025974.0259705,1.5981701402155282,68.63999938964844,LinearTrend,WalkForward_OutSample,False,-0.12,False,NORMAL,10.0,2.0,4501000000.0,34585000000.0,22908800.0
WMT,2024-10-31,,2025.0,Q3,168003000000.0,167340671936.75888,662328063.2411194,0.3957962254934803,81.94999694824219,LinearTrend,WalkForward_OutSample,False,-0.34,False,NORMAL,10.0,2.0,4577000000.0,35540000000.0,15539000.0
WMT,2025-01-31,,2025.0,Q4,178830000000.0,169233481884.05795,9596518115.942047,5.670578900289148,98.16000366210938,LinearTrend,WalkForward_OutSample,False,0.96,False,NORMAL,10.0,2.0,5254000000.0,36523000000.0,16391200.0
WMT,2025-04-30,,2026.0,Q1,163981000000.0,172557970000.0,-8576970000.0,-4.970486150248522,97.25,LinearTrend,WalkForward_OutSample,False,-1.84,False,NORMAL,10.0,2.0,4487000000.0,34171000000.0,21639900.0
WMT,2025-07-31,,2026.0,Q2,175750000000.0,173116064615.3846,2633935384.615387,1.521485247754016,97.9800033569336,LinearTrend,WalkForward_OutSample,False,0.19,False,NORMAL,10.0,2.0,7026000000.0,37345000000.0,15651300.0
WMT,2025-10-31,CY2025Q3,2026.0,Q3,177769000000.0,175310598290.59833,2458401709.4016724,1.4023120868748489,101.18000030517578,LinearTrend,WalkForward_OutSample,False,0.17,False,NORMAL,10.0,2.0,6143000000.0,38094000000.0,20237000.0
WMT,2026-01-31,CY2025,2026.0,Q4,188913000000.0,177487023809.5238,11425976190.476196,6.437640310391575,119.13999938964844,LinearTrend,WalkForward_OutSample,False,1.26,False,NORMAL,10.0,2.0,4237000000.0,38333000000.0,22215400.0
WMT,2026-04-30,CY2026Q1,2027.0,Q1,175684000000.0,180906411330.0493,-5222411330.049255,-2.8868027902678275,131.92999267578125,LinearTrend,WalkForward_OutSample,False,-0.85,False,NORMAL,10.0,2.0,5330000000.0,37200000000.0,19867700.0
WMT,2026-07-31,CY2026Q2,2027.0,Q2,186100000000.0,182132280459.77008,3967719540.22992,2.1784823262597435,111.1999969482422,LinearTrend,WalkForward_OutSample,False,0.15,False,NORMAL,10.0,2.0,6366000000.0,39750000000.0,22799100.0
